"titles","links","date_published","year"
"ggtree: an r package for visualization and annotation of phylogenetic trees with their covariates and other associated data","https://besjournals.onlinelibrary.wiley.com/doi/10.1111/2041-210X.12628",2016-08-16,"2016"
"codyn: An r package of community dynamics metrics","https://besjournals.onlinelibrary.wiley.com/doi/10.1111/2041-210X.12569",2016-04-02,"2016"
"letsR: a new R package for data handling and analysis in macroecology","https://besjournals.onlinelibrary.wiley.com/doi/10.1111/2041-210X.12401",2015-05-02,"2015"
"IPMpack: an R package for integral projection models","https://besjournals.onlinelibrary.wiley.com/doi/10.1111/2041-210x.12001",2012-12-10,"2012"
"warbleR: an r package to streamline analysis of animal acoustic signals","https://besjournals.onlinelibrary.wiley.com/doi/10.1111/2041-210X.12624",2016-08-17,"2016"
"TR8: an R package for easily retrieving plant species traits","https://besjournals.onlinelibrary.wiley.com/doi/10.1111/2041-210X.12327",2014-12-12,"2014"
"diveRsity: An R package for the estimation and exploration of population genetics parameters and their associated errors","https://besjournals.onlinelibrary.wiley.com/doi/10.1111/2041-210X.12067",2013-05-11,"2013"
"enaR: An r package for Ecosystem Network Analysis","https://besjournals.onlinelibrary.wiley.com/doi/10.1111/2041-210X.12282",2014-10-28,"2014"
"mvmorph: an r package for fitting multivariate evolutionary models to morphometric data","https://besjournals.onlinelibrary.wiley.com/doi/10.1111/2041-210X.12420",2015-06-11,"2015"
"RInSp: an r package for the analysis of individual specialization in resource use","https://besjournals.onlinelibrary.wiley.com/doi/10.1111/2041-210X.12079",2013-06-14,"2013"
"TropFishR: an R package for fisheries analysis with length-frequency data","https://besjournals.onlinelibrary.wiley.com/doi/10.1111/2041-210X.12791",2017-04-12,"2017"
"iNEXT: an R package for rarefaction and extrapolation of species diversity (Hill numbers)","https://besjournals.onlinelibrary.wiley.com/doi/10.1111/2041-210X.12613",2016-06-28,"2016"
"BarcodingR: an integrated r package for species identification using DNA barcodes","https://besjournals.onlinelibrary.wiley.com/doi/10.1111/2041-210X.12682",2016-10-14,"2016"
"moveHMM: an R package for the statistical modelling of animal movement data using hidden Markov models","https://besjournals.onlinelibrary.wiley.com/doi/10.1111/2041-210X.12578",2016-04-21,"2016"
"biomass: an r package for estimating above-ground biomass and its uncertainty in tropical forests","https://besjournals.onlinelibrary.wiley.com/doi/10.1111/2041-210X.12753",2017-02-03,"2017"
"geomorph: an r package for the collection and analysis of geometric morphometric shape data","https://besjournals.onlinelibrary.wiley.com/doi/10.1111/2041-210X.12035",2013-01-25,"2013"
"inbreedR: an R package for the analysis of inbreeding based on genetic markers","https://besjournals.onlinelibrary.wiley.com/doi/10.1111/2041-210X.12588",2016-05-20,"2016"
"frair: an R package for fitting and comparing consumer functional responses","https://besjournals.onlinelibrary.wiley.com/doi/10.1111/2041-210X.12784",2017-04-04,"2017"
"SIMR: an R package for power analysis of generalized linear mixed models by simulation","https://besjournals.onlinelibrary.wiley.com/doi/10.1111/2041-210X.12504",2015-11-17,"2015"
"LEA: An R package for landscape and ecological association studies","https://besjournals.onlinelibrary.wiley.com/doi/10.1111/2041-210X.12382",2015-04-02,"2015"
"vortexR: an R package for post Vortex simulation analysis","https://besjournals.onlinelibrary.wiley.com/doi/10.1111/2041-210X.12786",2017-04-04,"2017"
"BAT – Biodiversity Assessment Tools, an R package for the measurement and estimation of alpha and beta taxon, phylogenetic and functional diversity","https://besjournals.onlinelibrary.wiley.com/doi/10.1111/2041-210X.12310",2014-11-16,"2014"
"meteR: an r package for testing the maximum entropy theory of ecology","https://besjournals.onlinelibrary.wiley.com/doi/10.1111/2041-210X.12625",2016-08-17,"2016"
"camtrapR: an R package for efficient camera trap data management","https://besjournals.onlinelibrary.wiley.com/doi/10.1111/2041-210X.12600",2016-06-03,"2016"
"BAMMtools: an R package for the analysis of evolutionary dynamics on phylogenetic trees","https://besjournals.onlinelibrary.wiley.com/doi/10.1111/2041-210X.12199",2014-04-22,"2014"
"PrimerMiner: an r package for development and in silico validation of DNA metabarcoding primers","https://besjournals.onlinelibrary.wiley.com/doi/10.1111/2041-210X.12687",2016-10-18,"2016"
"FLightR: an r package for reconstructing animal paths from solar geolocation loggers","https://besjournals.onlinelibrary.wiley.com/doi/10.1111/2041-210X.12765",2017-03-10,"2017"
"BiMat: a MATLAB package to facilitate the analysis of bipartite networks","https://besjournals.onlinelibrary.wiley.com/doi/10.1111/2041-210X.12458",2015-09-13,"2015"
"mizer: an R package for multispecies, trait-based and community size spectrum ecological modelling","https://besjournals.onlinelibrary.wiley.com/doi/10.1111/2041-210X.12256",2014-08-28,"2014"
"rotl: an R package to interact with the Open Tree of Life data","https://besjournals.onlinelibrary.wiley.com/doi/10.1111/2041-210X.12593",2016-05-27,"2016"
"StereoMorph: an R package for the collection of 3D landmarks and curves using a stereo camera set-up","https://besjournals.onlinelibrary.wiley.com/doi/10.1111/2041-210X.12326",2014-12-10,"2014"
"ctmm: an r package for analyzing animal relocation data as a continuous-time stochastic process","https://besjournals.onlinelibrary.wiley.com/doi/10.1111/2041-210X.12559",2016-03-22,"2016"
"marked: an R package for maximum likelihood and Markov Chain Monte Carlo analysis of capture–recapture data","https://besjournals.onlinelibrary.wiley.com/doi/10.1111/2041-210X.12065",2013-04-30,"2013"
"pavo: an R package for the analysis, visualization and organization of spectral data","https://besjournals.onlinelibrary.wiley.com/doi/10.1111/2041-210X.12069",2013-05-22,"2013"
"CMRnet: An r package to derive networks of social interactions and movement from mark–recapture data","https://besjournals.onlinelibrary.wiley.com/doi/10.1111/2041-210X.13502",2020-10-08,"2020"
"nupoint: An R package for density estimation from point transects in the presence of nonuniform animal density","https://besjournals.onlinelibrary.wiley.com/doi/10.1111/2041-210X.12058",2013-04-01,"2013"
"RClone: a package to identify MultiLocus Clonal Lineages and handle clonal data sets in r.","https://besjournals.onlinelibrary.wiley.com/doi/10.1111/2041-210X.12550",2016-02-15,"2016"
"ENMeval: An R package for conducting spatially independent evaluations and estimating optimal model complexity for Maxent ecological niche models","https://besjournals.onlinelibrary.wiley.com/doi/10.1111/2041-210X.12261",2014-09-03,"2014"
"RPANDA: an R package for macroevolutionary analyses on phylogenetic trees","https://besjournals.onlinelibrary.wiley.com/doi/10.1111/2041-210X.12526",2015-12-15,"2015"
"Facilitating systematic reviews, data extraction and meta-analysis with the metagear package for r","https://besjournals.onlinelibrary.wiley.com/doi/10.1111/2041-210X.12472",2015-09-05,"2015"
"NLMpy: a python software package for the creation of neutral landscape models within a general numerical framework","https://besjournals.onlinelibrary.wiley.com/doi/10.1111/2041-210X.12308",2014-11-13,"2014"
"PASTIS: an R package to facilitate phylogenetic assembly with soft taxonomic inferences","https://besjournals.onlinelibrary.wiley.com/doi/10.1111/2041-210X.12117",2013-09-24,"2013"
"PHYLOMETRICS: an R package for detecting macroevolutionary patterns, using phylogenetic metrics and backward tree simulation","https://besjournals.onlinelibrary.wiley.com/doi/10.1111/2041-210X.12531",2015-12-29,"2015"
"Emon: an R-package to support the design of marine ecological and environmental studies, surveys and monitoring programmes","https://besjournals.onlinelibrary.wiley.com/doi/10.1111/2041-210X.12748",2017-01-28,"2017"
"LandScape Corridors (lscorridors): a new software package for modelling ecological corridors based on landscape patterns and species requirements","https://besjournals.onlinelibrary.wiley.com/doi/10.1111/2041-210X.12750",2017-02-02,"2017"
"Rphylip: an R interface for PHYLIP","https://besjournals.onlinelibrary.wiley.com/doi/10.1111/2041-210X.12233",2014-07-19,"2014"
"qfasar: quantitative fatty acid signature analysis with R","https://besjournals.onlinelibrary.wiley.com/doi/10.1111/2041-210X.12740",2017-01-23,"2017"
"paco: implementing Procrustean Approach to Cophylogeny in R","https://besjournals.onlinelibrary.wiley.com/doi/10.1111/2041-210X.12736",2017-01-24,"2017"
"Synchrony: quantifying variability in space and time","https://besjournals.onlinelibrary.wiley.com/doi/10.1111/2041-210X.12188",2014-03-28,"2014"
"SIDIER: substitution and indel distances to infer evolutionary relationships","https://besjournals.onlinelibrary.wiley.com/doi/10.1111/2041-210X.12118",2013-09-24,"2013"
"EasyABC: performing efficient approximate Bayesian computation sampling schemes using R","https://besjournals.onlinelibrary.wiley.com/doi/10.1111/2041-210X.12050",2013-03-11,"2013"
"PopGenReport: simplifying basic population genetic analyses in R","https://besjournals.onlinelibrary.wiley.com/doi/10.1111/2041-210X.12158",2014-01-15,"2014"
"rptR: repeatability estimation and variance decomposition by generalized linear mixed-effects models","https://besjournals.onlinelibrary.wiley.com/doi/10.1111/2041-210X.12797",2017-04-21,"2017"
"Animal social network inference and permutations for ecologists in R using asnipe","https://besjournals.onlinelibrary.wiley.com/doi/10.1111/2041-210X.12121",2013-09-30,"2013"
"Cheddar: analysis and visualisation of ecological communities in R","https://besjournals.onlinelibrary.wiley.com/doi/10.1111/2041-210X.12005",2012-11-23,"2012"
"fuzzySim: applying fuzzy logic to binary similarity indices in ecology","https://besjournals.onlinelibrary.wiley.com/doi/10.1111/2041-210X.12372",2015-03-14,"2015"
"Implementing the trinomial mark–recapture–recovery model in program mark","https://besjournals.onlinelibrary.wiley.com/doi/10.1111/j.2041-210X.2012.00265.x",2012-12-13,"2012"
"stagePop: modelling stage-structured populations in r","https://besjournals.onlinelibrary.wiley.com/doi/10.1111/2041-210X.12445",2015-07-24,"2015"
"boral – Bayesian Ordination and Regression Analysis of Multivariate Abundance Data in r","https://besjournals.onlinelibrary.wiley.com/doi/10.1111/2041-210X.12514",2015-11-27,"2015"
"agTrend: A Bayesian approach for estimating trends of aggregated abundance","https://besjournals.onlinelibrary.wiley.com/doi/10.1111/2041-210X.12231",2014-07-18,"2014"
"rSPACE: Spatially based power analysis for conservation and ecology","https://besjournals.onlinelibrary.wiley.com/doi/10.1111/2041-210X.12369",2015-03-11,"2015"
"piecewiseSEM: Piecewise structural equation modelling in r for ecology, evolution, and systematics","https://besjournals.onlinelibrary.wiley.com/doi/10.1111/2041-210X.12512",2015-11-26,"2015"
"Bayesian hierarchical models for spatially misaligned data in R","https://besjournals.onlinelibrary.wiley.com/doi/10.1111/2041-210X.12189",2014-05-10,"2014"
"MatlabHTK: a simple interface for bioacoustic analyses using hidden Markov models","https://besjournals.onlinelibrary.wiley.com/doi/10.1111/2041-210X.12688",2016-10-18,"2016"
"A simple approach for maximizing the overlap of phylogenetic and comparative data","https://besjournals.onlinelibrary.wiley.com/doi/10.1111/2041-210X.12517",2015-11-30,"2015"
"Congruification: support for time scaling large phylogenetic trees","https://besjournals.onlinelibrary.wiley.com/doi/10.1111/2041-210X.12051",2013-03-18,"2013"
"Terrestrial Precipitation Analysis (TPA): A resource for characterizing long-term precipitation regimes and extremes","https://besjournals.onlinelibrary.wiley.com/doi/10.1111/2041-210X.12582",2016-04-25,"2016"
"Simulations of biomass dynamics in community food webs","https://besjournals.onlinelibrary.wiley.com/doi/10.1111/2041-210X.12713",2016-12-09,"2016"
"popart: full-feature software for haplotype network construction","https://besjournals.onlinelibrary.wiley.com/doi/10.1111/2041-210X.12410",2015-07-01,"2015"
"Curve Fit: a pixel-level raster regression tool for mapping spatial patterns","https://besjournals.onlinelibrary.wiley.com/doi/10.1111/2041-210X.12068",2013-05-11,"2013"
"Similarity in spatial utilization distributions measured by the earth mover's distance","https://besjournals.onlinelibrary.wiley.com/doi/10.1111/2041-210X.12649",2016-10-06,"2016"
"MEMGENE: Spatial pattern detection in genetic distance data","https://besjournals.onlinelibrary.wiley.com/doi/10.1111/2041-210X.12240",2014-08-06,"2014"
"deBInfer: Bayesian inference for dynamical models of biological systems in R","https://besjournals.onlinelibrary.wiley.com/doi/10.1111/2041-210X.12679",2016-10-15,"2016"
"Cpw Photo Warehouse: a custom database to facilitate archiving, identifying, summarizing and managing photo data collected from camera traps","https://besjournals.onlinelibrary.wiley.com/doi/10.1111/2041-210X.12503",2015-11-11,"2015"
"OpenMEE: Intuitive, open-source software for meta-analysis in ecology and evolutionary biology","https://besjournals.onlinelibrary.wiley.com/doi/10.1111/2041-210X.12708",2016-11-29,"2016"
"MO-Phylogenetics: a phylogenetic inference software tool with multi-objective evolutionary metaheuristics","https://besjournals.onlinelibrary.wiley.com/doi/10.1111/2041-210X.12529",2015-12-31,"2015"
"VirtualCom: a simulation model for eco-evolutionary community assembly and invasion","https://besjournals.onlinelibrary.wiley.com/doi/10.1111/2041-210X.12364",2015-03-03,"2015"
"Rphylopars: fast multivariate phylogenetic comparative methods for missing data and within-species variation","https://besjournals.onlinelibrary.wiley.com/doi/10.1111/2041-210X.12612",2016-06-26,"2016"
"Low-cost soil CO2 efflux and point concentration sensing systems for terrestrial ecology applications","https://besjournals.onlinelibrary.wiley.com/doi/10.1111/2041-210X.12426",2015-06-22,"2015"
"HistMapR: Rapid digitization of historical land-use maps in R","https://besjournals.onlinelibrary.wiley.com/doi/10.1111/2041-210X.12788",2017-04-05,"2017"
"MeCa, a toolbox for the calculation of metabolism in heterogeneous streams","https://besjournals.onlinelibrary.wiley.com/doi/10.1111/2041-210X.12207",2014-05-28,"2014"
"PyRate: a new program to estimate speciation and extinction rates from incomplete fossil data","https://besjournals.onlinelibrary.wiley.com/doi/10.1111/2041-210X.12263",2014-09-11,"2014"
"Haplostrips: revealing population structure through haplotype visualization","https://besjournals.onlinelibrary.wiley.com/doi/10.1111/2041-210X.12747",2017-01-28,"2017"
"PIPITS: an automated pipeline for analyses of fungal internal transcribed spacer sequences from the Illumina sequencing platform","https://besjournals.onlinelibrary.wiley.com/doi/10.1111/2041-210X.12399",2015-04-22,"2015"
"trapper: an open source web-based application to manage camera trapping projects","https://besjournals.onlinelibrary.wiley.com/doi/10.1111/2041-210X.12571",2016-04-02,"2016"
"Using modestr to download, import and clean species distribution records","https://besjournals.onlinelibrary.wiley.com/doi/10.1111/2041-210X.12209",2014-05-30,"2014"
"gflow: software for modelling circuit theory-based connectivity at any scale","https://besjournals.onlinelibrary.wiley.com/doi/10.1111/2041-210X.12689",2016-11-18,"2016"
"RobOff: software for analysis of alternative land-use options and conservation actions","https://besjournals.onlinelibrary.wiley.com/doi/10.1111/2041-210X.12040",2013-03-14,"2013"
"Tuning Geometric Morphometrics: an r tool to reduce information loss caused by surface smoothing","https://besjournals.onlinelibrary.wiley.com/doi/10.1111/2041-210X.12576",2016-04-08,"2016"
"Harmonizing, annotating and sharing data in biodiversity–ecosystem functioning research","https://besjournals.onlinelibrary.wiley.com/doi/10.1111/2041-210x.12009",2012-12-20,"2012"
"SimAdapt: an individual-based genetic model for simulating landscape management impacts on populations","https://besjournals.onlinelibrary.wiley.com/doi/10.1111/2041-210X.12041",2013-02-09,"2013"
"Improved software detection and extraction of ITS1 and ITS2 from ribosomal ITS sequences of fungi and other eukaryotes for analysis of environmental sequencing data","https://besjournals.onlinelibrary.wiley.com/doi/10.1111/2041-210X.12073",2013-07-19,"2013"
"Fitting occupancy models with E-SURGE: hidden Markov modelling of presence–absence data","https://besjournals.onlinelibrary.wiley.com/doi/10.1111/2041-210X.12191",2014-04-01,"2014"
"OEZY: Optimising EnZYme selection for best performing terminal restriction fragment length polymorphism analysis using ARB","https://besjournals.onlinelibrary.wiley.com/doi/10.1111/2041-210X.12463",2015-08-24,"2015"
"RangeShifter: a platform for modelling spatial eco-evolutionary dynamics and species' responses to environmental changes","https://besjournals.onlinelibrary.wiley.com/doi/10.1111/2041-210X.12162",2014-01-20,"2014"
"Intertwining phylogenetic trees and networks","https://besjournals.onlinelibrary.wiley.com/doi/10.1111/2041-210X.12760",2017-03-07,"2017"
"A biochemical approach for identifying plastics exposure in live wildlife","https://besjournals.onlinelibrary.wiley.com/doi/10.1111/2041-210X.12277",2014-09-12,"2014"
"ClickPoints: an expandable toolbox for scientific image annotation and analysis","https://besjournals.onlinelibrary.wiley.com/doi/10.1111/2041-210X.12702",2016-11-04,"2016"
"Actave.net – a web-based tool for the analysis of seabird activity patterns from saltwater immersion geolocators","https://besjournals.onlinelibrary.wiley.com/doi/10.1111/2041-210X.12398",2015-04-21,"2015"
"Plant-O-Matic: a dynamic and mobile guide to all plants of the Americas","https://besjournals.onlinelibrary.wiley.com/doi/10.1111/2041-210X.12548",2016-02-09,"2016"
"Handling biological sequences in R with the bioseq package","https://besjournals.onlinelibrary.wiley.com/doi/10.1111/2041-210X.13490",2020-09-24,"2020"
"Analysing individual 3D tree structure using the R package ITSMe","https://besjournals.onlinelibrary.wiley.com/doi/10.1111/2041-210X.14026",2022-11-15,"2022"
"pathtrackr: An r package for video tracking and analysing animal movement","https://besjournals.onlinelibrary.wiley.com/doi/10.1111/2041-210X.13200",2019-04-29,"2019"
"The nlrx r package: A next-generation framework for reproducible NetLogo model analyses","https://besjournals.onlinelibrary.wiley.com/doi/10.1111/2041-210X.13286",2019-08-19,"2019"
"Colonization and extinction rates estimated from temporal dynamics of ecological communities: The island r package","https://besjournals.onlinelibrary.wiley.com/doi/10.1111/2041-210X.13176",2019-03-15,"2019"
"Monitoring ecosystem degradation using spatial data and the R package spatialwarnings","https://besjournals.onlinelibrary.wiley.com/doi/10.1111/2041-210X.13058",2018-07-02,"2018"
"assignR: An r package for isotope-based geographic assignment","https://besjournals.onlinelibrary.wiley.com/doi/10.1111/2041-210X.13426",2020-05-29,"2020"
"The geodiv r package: Tools for calculating gradient surface metrics","https://besjournals.onlinelibrary.wiley.com/doi/10.1111/2041-210X.13677",2021-07-22,"2021"
"The shape of sound: A new R package that crosses the bridge between Bioacoustics and Geometric Morphometrics","https://besjournals.onlinelibrary.wiley.com/doi/10.1111/2041-210X.13580",2021-02-22,"2021"
"dispRity: A modular R package for measuring disparity","https://besjournals.onlinelibrary.wiley.com/doi/10.1111/2041-210X.13022",2018-04-28,"2018"
"Quantifying vegetation and canopy structural complexity from terrestrial LiDAR data using the forestr r package","https://besjournals.onlinelibrary.wiley.com/doi/10.1111/2041-210X.13061",2018-07-07,"2018"
"colorist: An r package for colouring wildlife distributions in space–time","https://besjournals.onlinelibrary.wiley.com/doi/10.1111/2041-210X.13477",2020-08-29,"2020"
"momentuHMM: R package for generalized hidden Markov models of animal movement","https://besjournals.onlinelibrary.wiley.com/doi/10.1111/2041-210X.12995",2018-03-03,"2018"
"ForestGapR: An r Package for forest gap analysis from canopy height models","https://besjournals.onlinelibrary.wiley.com/doi/10.1111/2041-210X.13211",2019-05-18,"2019"
"ssdm: An r package to predict distribution of species richness and composition based on stacked species distribution models","https://besjournals.onlinelibrary.wiley.com/doi/10.1111/2041-210X.12841",2017-06-27,"2017"
"VoCC: An r package for calculating the velocity of climate change and related climatic metrics","https://besjournals.onlinelibrary.wiley.com/doi/10.1111/2041-210X.13295",2019-09-07,"2019"
"graph4lg: A package for constructing and analysing graphs for landscape genetics in R","https://besjournals.onlinelibrary.wiley.com/doi/10.1111/2041-210X.13530",2020-11-24,"2020"
"imageseg: An R package for deep learning-based image segmentation","https://besjournals.onlinelibrary.wiley.com/doi/10.1111/2041-210X.13984",2022-10-02,"2022"
"taxonstand: An r package for species names standardisation in vegetation databases","https://besjournals.onlinelibrary.wiley.com/doi/10.1111/j.2041-210X.2012.00232.x",2012-07-05,"2012"
"abc: an R package for approximate Bayesian computation (ABC)","https://besjournals.onlinelibrary.wiley.com/doi/10.1111/j.2041-210X.2011.00179.x",2012-01-31,"2012"
"Lights, camera, pliman! An R package for plant image analysis","https://besjournals.onlinelibrary.wiley.com/doi/10.1111/2041-210X.13803",2022-01-17,"2022"
"respR—An R package for the manipulation and analysis of respirometry data","https://besjournals.onlinelibrary.wiley.com/doi/10.1111/2041-210X.13162",2019-02-01,"2019"
"phytools: an R package for phylogenetic comparative biology (and other things)","https://besjournals.onlinelibrary.wiley.com/doi/10.1111/j.2041-210X.2011.00169.x",2011-12-15,"2011"
"EcoPhyloMapper: An r package for integrating geographical ranges, phylogeny and morphology","https://besjournals.onlinelibrary.wiley.com/doi/10.1111/2041-210X.13914",2022-06-08,"2022"
"betapart: an R package for the study of beta diversity","https://besjournals.onlinelibrary.wiley.com/doi/10.1111/j.2041-210X.2012.00224.x",2012-06-18,"2012"
"Analysing economic costs of invasive alien species with the invacost r package","https://besjournals.onlinelibrary.wiley.com/doi/10.1111/2041-210X.13929",2022-06-28,"2022"
"optimLanduse: A package for multiobjective land-cover composition optimization under uncertainty","https://besjournals.onlinelibrary.wiley.com/doi/10.1111/2041-210X.14000",2022-10-28,"2022"
"smatr 3– an R package for estimation and inference about allometric lines","https://besjournals.onlinelibrary.wiley.com/doi/10.1111/j.2041-210X.2011.00153.x",2011-09-29,"2011"
"baRcodeR: An open-source R package for sample labelling","https://besjournals.onlinelibrary.wiley.com/doi/10.1111/2041-210X.13405",2020-06-22,"2020"
"smartsnp, an r package for fast multivariate analyses of big genomic data","https://besjournals.onlinelibrary.wiley.com/doi/10.1111/2041-210X.13684",2021-07-27,"2021"
"“m2b” package in r: Deriving multiple variables from movement data to predict behavioural states with random forests","https://besjournals.onlinelibrary.wiley.com/doi/10.1111/2041-210X.12989",2018-02-19,"2018"
"Individual-based simulations of genome evolution with ancestry: The GenomeAdmixR R package","https://besjournals.onlinelibrary.wiley.com/doi/10.1111/2041-210X.13612",2021-04-11,"2021"
"RZooRoH: An R package to characterize individual genomic autozygosity and identify homozygous-by-descent segments","https://besjournals.onlinelibrary.wiley.com/doi/10.1111/2041-210X.13167",2019-02-17,"2019"
"Modelling temperature-dependent development rate and phenology in arthropods: The devRate package for r","https://besjournals.onlinelibrary.wiley.com/doi/10.1111/2041-210X.12935",2017-11-09,"2017"
"An r package and online resource for macroevolutionary studies using the ray-finned fish tree of life","https://besjournals.onlinelibrary.wiley.com/doi/10.1111/2041-210X.13182",2019-03-28,"2019"
"ResistanceGA: An R package for the optimization of resistance surfaces using genetic algorithms","https://besjournals.onlinelibrary.wiley.com/doi/10.1111/2041-210X.12984",2018-02-14,"2018"
"metabaR: An r package for the evaluation and improvement of DNA metabarcoding data quality","https://besjournals.onlinelibrary.wiley.com/doi/10.1111/2041-210X.13552",2021-01-17,"2021"
"mobsim: An r package for the simulation and measurement of biodiversity across spatial scales","https://besjournals.onlinelibrary.wiley.com/doi/10.1111/2041-210X.12986",2018-02-16,"2018"
"ecochange: An R-package to derive ecosystem change indicators from freely available earth observation products","https://besjournals.onlinelibrary.wiley.com/doi/10.1111/2041-210X.13986",2022-10-11,"2022"
"ViXeN: An open-source package for managing multimedia data","https://besjournals.onlinelibrary.wiley.com/doi/10.1111/2041-210X.12892",2017-09-08,"2017"
"bmotif: A package for motif analyses of bipartite networks","https://besjournals.onlinelibrary.wiley.com/doi/10.1111/2041-210X.13149",2019-01-12,"2019"
"The r package divDyn for quantifying diversity dynamics using fossil sampling data","https://besjournals.onlinelibrary.wiley.com/doi/10.1111/2041-210X.13161",2019-01-31,"2019"
"MBHdesign: An R-package for efficient spatial survey designs","https://besjournals.onlinelibrary.wiley.com/doi/10.1111/2041-210X.13535",2020-11-30,"2020"
"flexsdm: An r package for supporting a comprehensive and flexible species distribution modelling workflow","https://besjournals.onlinelibrary.wiley.com/doi/10.1111/2041-210X.13874",2022-04-20,"2022"
"rasterdiv—An Information Theory tailored R package for measuring ecosystem heterogeneity from space: To the origin and back","https://besjournals.onlinelibrary.wiley.com/doi/10.1111/2041-210X.13583",2021-02-27,"2021"
"GMSE: An r package for generalised management strategy evaluation","https://besjournals.onlinelibrary.wiley.com/doi/10.1111/2041-210X.13091",2018-09-11,"2018"
"P2C2M.GMYC: An R package for assessing the utility of the Generalized Mixed Yule Coalescent model","https://besjournals.onlinelibrary.wiley.com/doi/10.1111/2041-210X.13541",2020-12-14,"2020"
"adiv: An r package to analyse biodiversity in ecology","https://besjournals.onlinelibrary.wiley.com/doi/10.1111/2041-210X.13430",2020-06-03,"2020"
"phenotools: An r package for visualizing and analysing phenomic datasets","https://besjournals.onlinelibrary.wiley.com/doi/10.1111/2041-210X.13217",2019-05-24,"2019"
"phyloregion: R package for biogeographical regionalization and macroecology","https://besjournals.onlinelibrary.wiley.com/doi/10.1111/2041-210X.13478",2020-08-29,"2020"
"track2KBA: An R package for identifying important sites for biodiversity from tracking data","https://besjournals.onlinelibrary.wiley.com/doi/10.1111/2041-210X.13713",2021-09-06,"2021"
"inlabru: an R package for Bayesian spatial modelling from ecological survey data","https://besjournals.onlinelibrary.wiley.com/doi/10.1111/2041-210X.13168",2019-02-24,"2019"
"maxnodf: An R package for fair and fast comparisons of nestedness between networks","https://besjournals.onlinelibrary.wiley.com/doi/10.1111/2041-210X.13545",2021-01-17,"2021"
"patternize: An R package for quantifying colour pattern variation","https://besjournals.onlinelibrary.wiley.com/doi/10.1111/2041-210X.12853",2017-07-11,"2017"
"viewshed3d: An r package for quantifying 3D visibility using terrestrial lidar data","https://besjournals.onlinelibrary.wiley.com/doi/10.1111/2041-210X.13385",2020-03-04,"2020"
"RevGadgets: An R package for visualizing Bayesian phylogenetic analyses from RevBayes","https://besjournals.onlinelibrary.wiley.com/doi/10.1111/2041-210X.13750",2021-10-30,"2021"
"Rpadrino: An R package to access and use PADRINO, an open access database of Integral Projection Models","https://besjournals.onlinelibrary.wiley.com/doi/10.1111/2041-210X.13910",2022-06-01,"2022"
"Joint species distribution modelling with the r-package Hmsc","https://besjournals.onlinelibrary.wiley.com/doi/10.1111/2041-210X.13345",2019-12-25,"2019"
"Topographic path analysis for modelling dispersal and functional connectivity: Calculating topographic distances using the topoDistance r package","https://besjournals.onlinelibrary.wiley.com/doi/10.1111/2041-210X.13317",2019-10-15,"2019"
"Treebase: an R package for discovery, access and manipulation of online phylogenies","https://besjournals.onlinelibrary.wiley.com/doi/10.1111/j.2041-210X.2012.00247.x",2012-10-11,"2012"
"Assimilate, process and analyse thermal dissipation sap flow data using the TREX r package","https://besjournals.onlinelibrary.wiley.com/doi/10.1111/2041-210X.13524",2020-11-04,"2020"
"treeducken: An R package for simulating cophylogenetic systems","https://besjournals.onlinelibrary.wiley.com/doi/10.1111/2041-210X.13625",2021-05-05,"2021"
"Unsupervised detection of ancestry tracks with the GHap r package","https://besjournals.onlinelibrary.wiley.com/doi/10.1111/2041-210X.13467",2020-08-13,"2020"
"smartR: An r package for spatial modelling of fisheries and scenario simulation of management strategies","https://besjournals.onlinelibrary.wiley.com/doi/10.1111/2041-210X.13394",2020-03-30,"2020"
"The ‘plantspec’ r package: A tool for spectral analysis of plant stoichiometry","https://besjournals.onlinelibrary.wiley.com/doi/10.1111/2041-210X.13143",2019-01-04,"2019"
"pat-geom: A software package for the analysis of animal patterns","https://besjournals.onlinelibrary.wiley.com/doi/10.1111/2041-210X.13131",2018-12-10,"2018"
"ThermStats: An R package for quantifying surface thermal heterogeneity in assessments of microclimates","https://besjournals.onlinelibrary.wiley.com/doi/10.1111/2041-210X.13257",2019-07-05,"2019"
"poems: R package for simulating species' range dynamics using pattern-oriented validation","https://besjournals.onlinelibrary.wiley.com/doi/10.1111/2041-210X.13720",2021-09-10,"2021"
"RNETLOGO: an R package for running and exploring individual-based models implemented in NETLOGO","https://besjournals.onlinelibrary.wiley.com/doi/10.1111/j.2041-210X.2011.00180.x",2012-01-18,"2012"
"GPSeqClus: An R package for sequential clustering of animal location data for model building, model application and field site investigations","https://besjournals.onlinelibrary.wiley.com/doi/10.1111/2041-210X.13572",2021-02-09,"2021"
"rsmove—An r package to bridge remote sensing and movement ecology","https://besjournals.onlinelibrary.wiley.com/doi/10.1111/2041-210X.13199",2019-04-29,"2019"
"blockCV: An r package for generating spatially or environmentally separated folds for k-fold cross-validation of species distribution models","https://besjournals.onlinelibrary.wiley.com/doi/10.1111/2041-210X.13107",2018-10-12,"2018"
"abmR: An R package for agent-based model analysis of large-scale movements across taxa","https://besjournals.onlinelibrary.wiley.com/doi/10.1111/2041-210X.14014",2022-10-31,"2022"
"DeepForest: A Python package for RGB deep learning tree crown delineation","https://besjournals.onlinelibrary.wiley.com/doi/10.1111/2041-210X.13472",2020-08-28,"2020"
"ontoFAST: An R package for interactive and semi-automatic annotation of characters with biological ontologies","https://besjournals.onlinelibrary.wiley.com/doi/10.1111/2041-210X.13753",2021-10-30,"2021"
"biodivMapR: An r package for α- and β-diversity mapping using remotely sensed images","https://besjournals.onlinelibrary.wiley.com/doi/10.1111/2041-210X.13310",2019-09-30,"2019"
"spOccupancy: An R package for single-species, multi-species, and integrated spatial occupancy models","https://besjournals.onlinelibrary.wiley.com/doi/10.1111/2041-210X.13897",2022-05-15,"2022"
"segRDA: An r package for performing piecewise redundancy analysis","https://besjournals.onlinelibrary.wiley.com/doi/10.1111/2041-210X.13300",2019-09-17,"2019"
"The r package enerscape: A general energy landscape framework for terrestrial movement ecology","https://besjournals.onlinelibrary.wiley.com/doi/10.1111/2041-210X.13734",2021-11-02,"2021"
"metan: An R package for multi-environment trial analysis","https://besjournals.onlinelibrary.wiley.com/doi/10.1111/2041-210X.13384",2020-03-04,"2020"
"A multi-platform package for the analysis of intra- and interspecific trait evolution","https://besjournals.onlinelibrary.wiley.com/doi/10.1111/2041-210X.13458",2020-07-30,"2020"
"paleobuddy: An R package for flexible simulations of diversification and fossil sampling","https://besjournals.onlinelibrary.wiley.com/doi/10.1111/2041-210X.13996",2022-11-14,"2022"
"The Data-Limited Methods Toolkit (DLMtool): An R package for informing management of data-limited populations","https://besjournals.onlinelibrary.wiley.com/doi/10.1111/2041-210X.13081",2018-08-26,"2018"
"StrathE2E2: An r package for modelling the dynamics of marine food webs and fisheries","https://besjournals.onlinelibrary.wiley.com/doi/10.1111/2041-210X.13510",2020-10-11,"2020"
"FlexParamCurve: R package for flexible fitting of nonlinear parametric curves","https://besjournals.onlinelibrary.wiley.com/doi/10.1111/j.2041-210X.2012.00231.x",2012-08-10,"2012"
"popler: An r package for extraction and synthesis of population time series from the long-term ecological research (LTER) network","https://besjournals.onlinelibrary.wiley.com/doi/10.1111/2041-210X.13319",2019-10-16,"2019"
"FossilSim: An r package for simulating fossil occurrence data under mechanistic models of preservation and recovery","https://besjournals.onlinelibrary.wiley.com/doi/10.1111/2041-210X.13170",2019-03-04,"2019"
"For everything there is a season: Analysing periodic mortality patterns with the cyclomortr package","https://besjournals.onlinelibrary.wiley.com/doi/10.1111/2041-210X.13305",2019-09-24,"2019"
"ratematrix: An R package for studying evolutionary integration among several traits on phylogenetic trees","https://besjournals.onlinelibrary.wiley.com/doi/10.1111/2041-210X.12826",2017-05-30,"2017"
"allodb: An R package for biomass estimation at globally distributed extratropical forest plots","https://besjournals.onlinelibrary.wiley.com/doi/10.1111/2041-210X.13756",2021-11-07,"2021"
"popdemo: an R package for population demography using projection matrix analysis","https://besjournals.onlinelibrary.wiley.com/doi/10.1111/j.2041-210X.2012.00222.x",2012-06-11,"2012"
"The bien r package: A tool to access the Botanical Information and Ecology Network (BIEN) database","https://besjournals.onlinelibrary.wiley.com/doi/10.1111/2041-210X.12861",2017-09-06,"2017"
"plantTracker: An R package to translate maps of plant occurrence into demographic data","https://besjournals.onlinelibrary.wiley.com/doi/10.1111/2041-210X.13950",2022-08-13,"2022"
"RRPP: An r package for fitting linear models to high-dimensional data using residual randomization","https://besjournals.onlinelibrary.wiley.com/doi/10.1111/2041-210X.13029",2018-05-12,"2018"
"FDiversity: a software package for the integrated analysis of functional diversity","https://besjournals.onlinelibrary.wiley.com/doi/10.1111/j.2041-210X.2010.00082.x",2010-12-14,"2010"
"tRophicPosition, an r package for the Bayesian estimation of trophic position from consumer stable isotope ratios","https://besjournals.onlinelibrary.wiley.com/doi/10.1111/2041-210X.13009",2018-03-30,"2018"
"plantR: An R package and workflow for managing species records from biological collections","https://besjournals.onlinelibrary.wiley.com/doi/10.1111/2041-210X.13779",2021-12-02,"2021"
"RBrownie: an R package for testing hypotheses about rates of evolutionary change","https://besjournals.onlinelibrary.wiley.com/doi/10.1111/j.2041-210X.2011.00112.x",2011-05-25,"2011"
"sensiPhy: An r-package for sensitivity analysis in phylogenetic comparative methods","https://besjournals.onlinelibrary.wiley.com/doi/10.1111/2041-210X.12990",2018-02-26,"2018"
"The zoon r package for reproducible and shareable species distribution modelling","https://besjournals.onlinelibrary.wiley.com/doi/10.1111/2041-210X.12858",2017-07-30,"2017"
"Exploring noise, degeneracy and determinism in biological networks with the einet package","https://besjournals.onlinelibrary.wiley.com/doi/10.1111/2041-210X.13805",2022-01-19,"2022"
"nadiv: an R package to create relatedness matrices for estimating non-additive genetic variances in animal models","https://besjournals.onlinelibrary.wiley.com/doi/10.1111/j.2041-210X.2012.00213.x",2012-05-11,"2012"
"phyr: An r package for phylogenetic species-distribution modelling in ecological communities","https://besjournals.onlinelibrary.wiley.com/doi/10.1111/2041-210X.13471",2020-08-28,"2020"
"genotypeR: An integrated r package for single nucleotide polymorphism genotype marker design and data analysis","https://besjournals.onlinelibrary.wiley.com/doi/10.1111/2041-210X.12965",2018-01-04,"2018"
"R2ucare: An r package to perform goodness-of-fit tests for capture–recapture models","https://besjournals.onlinelibrary.wiley.com/doi/10.1111/2041-210X.13014",2018-04-18,"2018"
"PMx: software package for demographic and genetic analysis and management of pedigreed populations","https://besjournals.onlinelibrary.wiley.com/doi/10.1111/j.2041-210X.2011.00148.x",2011-09-05,"2011"
"qad: An R-package to detect asymmetric and directed dependence in bivariate samples","https://besjournals.onlinelibrary.wiley.com/doi/10.1111/2041-210X.13951",2022-08-18,"2022"
"nlstimedist: An r package for the biologically meaningful quantification of unimodal phenology distributions","https://besjournals.onlinelibrary.wiley.com/doi/10.1111/2041-210X.13293",2019-09-03,"2019"
"ubms: An R package for fitting hierarchical occupancy and N-mixture abundance models in a Bayesian framework","https://besjournals.onlinelibrary.wiley.com/doi/10.1111/2041-210X.13777",2021-12-02,"2021"
"Reproducible, flexible and high-throughput data extraction from primary literature: The metaDigitise r package","https://besjournals.onlinelibrary.wiley.com/doi/10.1111/2041-210X.13118",2018-11-01,"2018"
"r3PG – An r package for simulating forest growth using the 3-PG process-based model","https://besjournals.onlinelibrary.wiley.com/doi/10.1111/2041-210X.13474",2020-08-28,"2020"
"econullnetr: An r package using null models to analyse the structure of ecological networks and identify resource selection","https://besjournals.onlinelibrary.wiley.com/doi/10.1111/2041-210X.12907",2017-10-03,"2017"
"assignPOP: An r package for population assignment using genetic, non-genetic, or integrated data in a machine-learning framework","https://besjournals.onlinelibrary.wiley.com/doi/10.1111/2041-210X.12897",2017-09-18,"2017"
"Generalizing hierarchical and variation partitioning in multiple regression and canonical analyses using the rdacca.hp R package","https://besjournals.onlinelibrary.wiley.com/doi/10.1111/2041-210X.13800",2022-01-12,"2022"
"HMMoce: An R package for improved geolocation of archival-tagged fishes using a hidden Markov method","https://besjournals.onlinelibrary.wiley.com/doi/10.1111/2041-210X.12959",2017-12-26,"2017"
"MVSE: An R-package that estimates a climate-driven mosquito-borne viral suitability index","https://besjournals.onlinelibrary.wiley.com/doi/10.1111/2041-210X.13205",2019-05-10,"2019"
"elementr: An R package for reducing elemental data from LA-ICPMS analysis of biological calcified structures","https://besjournals.onlinelibrary.wiley.com/doi/10.1111/2041-210X.12822",2017-05-27,"2017"
"AcuityView: An r package for portraying the effects of visual acuity on scenes observed by an animal","https://besjournals.onlinelibrary.wiley.com/doi/10.1111/2041-210X.12911",2017-10-09,"2017"
"BaSTA: an R package for Bayesian estimation of age-specific survival from incomplete mark–recapture/recovery data with covariates","https://besjournals.onlinelibrary.wiley.com/doi/10.1111/j.2041-210X.2012.00186.x",2012-02-17,"2012"
"treetop: A Shiny-based application and R package for extracting forest information from LiDAR data for ecologists and conservationists","https://besjournals.onlinelibrary.wiley.com/doi/10.1111/2041-210X.13830",2022-02-19,"2022"
"epcc: An R package to assess and simulate the vulnerability of ectothermic populations when facing climate change","https://besjournals.onlinelibrary.wiley.com/doi/10.1111/2041-210X.13816",2022-02-08,"2022"
"pycoalescence and rcoalescence: Packages for simulating spatially explicit neutral models of biodiversity","https://besjournals.onlinelibrary.wiley.com/doi/10.1111/2041-210X.13451",2020-07-15,"2020"
"paleotree: an R package for paleontological and phylogenetic analyses of evolution","https://besjournals.onlinelibrary.wiley.com/doi/10.1111/j.2041-210X.2012.00223.x",2012-06-18,"2012"
"Rcompadre and Rage—Two R packages to facilitate the use of the COMPADRE and COMADRE databases and calculation of life-history traits from matrix population models","https://besjournals.onlinelibrary.wiley.com/doi/10.1111/2041-210X.13792",2021-12-21,"2021"
"r.pi: A grass gis package for semi-automatic spatial pattern analysis of remotely sensed land cover data","https://besjournals.onlinelibrary.wiley.com/doi/10.1111/2041-210X.12827",2017-06-09,"2017"
"mcera5: Driving microclimate models with ERA5 global gridded climate data","https://besjournals.onlinelibrary.wiley.com/doi/10.1111/2041-210X.13877",2022-04-26,"2022"
"CoordinateCleaner: Standardized cleaning of occurrence records from biological collection databases","https://besjournals.onlinelibrary.wiley.com/doi/10.1111/2041-210X.13152",2019-01-20,"2019"
"dsmextra: Extrapolation assessment tools for density surface models","https://besjournals.onlinelibrary.wiley.com/doi/10.1111/2041-210X.13469",2020-08-19,"2020"
"AMMonitor: Remote monitoring of biodiversity in an adaptive framework with r","https://besjournals.onlinelibrary.wiley.com/doi/10.1111/2041-210X.13397",2020-04-16,"2020"
"An integrated phenology modelling framework in r","https://besjournals.onlinelibrary.wiley.com/doi/10.1111/2041-210X.12970",2018-01-17,"2018"
"nosoi: A stochastic agent-based transmission chain simulation framework in r","https://besjournals.onlinelibrary.wiley.com/doi/10.1111/2041-210X.13422",2020-05-28,"2020"
"Revticulate: An R framework for interaction with RevBayes","https://besjournals.onlinelibrary.wiley.com/doi/10.1111/2041-210X.13852",2022-03-28,"2022"
"MGDrivE: A modular simulation framework for the spread of gene drives through spatially explicit mosquito populations","https://besjournals.onlinelibrary.wiley.com/doi/10.1111/2041-210X.13318",2019-10-16,"2019"
"Machine learning to classify animal species in camera trap images: Applications in ecology","https://besjournals.onlinelibrary.wiley.com/doi/10.1111/2041-210X.13120",2018-11-26,"2018"
"AeRobiology: The computational tool for biological data in the air","https://besjournals.onlinelibrary.wiley.com/doi/10.1111/2041-210X.13203",2019-05-06,"2019"
"bdc: A toolkit for standardizing, integrating and cleaning biodiversity data","https://besjournals.onlinelibrary.wiley.com/doi/10.1111/2041-210X.13868",2022-04-13,"2022"
"scikit-maad: An open-source and modular toolbox for quantitative soundscape analysis in Python","https://besjournals.onlinelibrary.wiley.com/doi/10.1111/2041-210X.13711",2021-08-27,"2021"
"Visual TreeCmp: Comprehensive Comparison of Phylogenetic Trees on the Web","https://besjournals.onlinelibrary.wiley.com/doi/10.1111/2041-210X.13358",2020-01-25,"2020"
"lefko3: Analysing individual history through size-classified matrix population models","https://besjournals.onlinelibrary.wiley.com/doi/10.1111/2041-210X.13526",2020-11-15,"2020"
"RNCEP: global weather and climate data at your fingertips","https://besjournals.onlinelibrary.wiley.com/doi/10.1111/j.2041-210X.2011.00138.x",2011-07-26,"2011"
"A Shiny r app to solve the problem of when to stop managing or surveying species under imperfect detection","https://besjournals.onlinelibrary.wiley.com/doi/10.1111/2041-210X.13501",2020-10-02,"2020"
"soundClass: An automatic sound classification tool for biodiversity monitoring using machine learning","https://besjournals.onlinelibrary.wiley.com/doi/10.1111/2041-210X.13964",2022-08-30,"2022"
"esdm: A tool for creating and exploring ensembles of predictions from species distribution and abundance models","https://besjournals.onlinelibrary.wiley.com/doi/10.1111/2041-210X.13283",2019-08-14,"2019"
"microPop: Modelling microbial populations and communities in R","https://besjournals.onlinelibrary.wiley.com/doi/10.1111/2041-210X.12873",2017-08-22,"2017"
"The r toolbox grainscape for modelling and visualizing landscape connectivity using spatially explicit networks","https://besjournals.onlinelibrary.wiley.com/doi/10.1111/2041-210X.13350",2020-01-18,"2020"
"ipmr: Flexible implementation of Integral Projection Models in R","https://besjournals.onlinelibrary.wiley.com/doi/10.1111/2041-210X.13683",2021-07-22,"2021"
"trackdem: Automated particle tracking to obtain population counts and size distributions from videos in r","https://besjournals.onlinelibrary.wiley.com/doi/10.1111/2041-210X.12975",2018-01-22,"2018"
"dartR v2: An accessible genetic analysis platform for conservation, ecology and agriculture","https://besjournals.onlinelibrary.wiley.com/doi/10.1111/2041-210X.13918",2022-06-11,"2022"
"Functional diversity metrics using kernel density n-dimensional hypervolumes","https://besjournals.onlinelibrary.wiley.com/doi/10.1111/2041-210X.13424",2020-05-29,"2020"
"gllvm: Fast analysis of multivariate abundance data with generalized linear latent variable models in r","https://besjournals.onlinelibrary.wiley.com/doi/10.1111/2041-210X.13303",2019-09-21,"2019"
"msocc: Fit and analyse computationally efficient multi-scale occupancy models in r","https://besjournals.onlinelibrary.wiley.com/doi/10.1111/2041-210X.13442",2020-07-02,"2020"
"babette: BEAUti 2, BEAST2 and Tracer for R","https://besjournals.onlinelibrary.wiley.com/doi/10.1111/2041-210X.13032",2018-05-27,"2018"
"ngsLCA—A toolkit for fast and flexible lowest common ancestor inference and taxonomic profiling of metagenomic data","https://besjournals.onlinelibrary.wiley.com/doi/10.1111/2041-210X.14006",2022-10-13,"2022"
"TreeSimGM: Simulating phylogenetic trees under general Bellman–Harris models with lineage-specific shifts of speciation and extinction in R","https://besjournals.onlinelibrary.wiley.com/doi/10.1111/2041-210X.12917",2017-10-17,"2017"
"Generating species assemblages for restoration and experimentation: A new method that can simultaneously converge on average trait values and maximize functional diversity","https://besjournals.onlinelibrary.wiley.com/doi/10.1111/2041-210X.13023",2018-04-27,"2018"
"AquaFlux: Rapid, transparent and replicable analyses of plant transpiration","https://besjournals.onlinelibrary.wiley.com/doi/10.1111/2041-210X.13309",2019-09-30,"2019"
"Refined Shortest Paths (RSP): Incorporation of topography in space use estimation from node-based telemetry data","https://besjournals.onlinelibrary.wiley.com/doi/10.1111/2041-210X.13484",2020-09-08,"2020"
"Towards a more balanced combination of multiple traits when computing functional differences between species","https://besjournals.onlinelibrary.wiley.com/doi/10.1111/2041-210X.13537",2020-12-03,"2020"
"GeoLight – processing and analysing light-based geolocator data in R","https://besjournals.onlinelibrary.wiley.com/doi/10.1111/j.2041-210X.2012.00248.x",2012-10-01,"2012"
"cxr: A toolbox for modelling species coexistence in R","https://besjournals.onlinelibrary.wiley.com/doi/10.1111/2041-210X.13443",2020-07-02,"2020"
"Program SPACECAP: software for estimating animal density using spatially explicit capture–recapture models","https://besjournals.onlinelibrary.wiley.com/doi/10.1111/j.2041-210X.2012.00241.x",2012-09-17,"2012"
"Extension of the gambin model to multimodal species abundance distributions","https://besjournals.onlinelibrary.wiley.com/doi/10.1111/2041-210X.13122",2018-11-13,"2018"
"Diversitree: comparative phylogenetic analyses of diversification in R","https://besjournals.onlinelibrary.wiley.com/doi/10.1111/j.2041-210X.2012.00234.x",2012-08-06,"2012"
"phenopype: A phenotyping pipeline for Python","https://besjournals.onlinelibrary.wiley.com/doi/10.1111/2041-210X.13771",2021-11-19,"2021"
"embarcadero: Species distribution modelling with Bayesian additive regression trees in r","https://besjournals.onlinelibrary.wiley.com/doi/10.1111/2041-210X.13389",2020-03-14,"2020"
"pavo2: New tools for the spectral and spatial analysis of colour in r","https://besjournals.onlinelibrary.wiley.com/doi/10.1111/2041-210X.13174",2019-03-10,"2019"
"PSPManalysis: Steady-state and bifurcation analysis of physiologically structured population models","https://besjournals.onlinelibrary.wiley.com/doi/10.1111/2041-210X.13527",2020-11-15,"2020"
"Conducting social network analysis with animal telemetry data: Applications and methods using spatsoc","https://besjournals.onlinelibrary.wiley.com/doi/10.1111/2041-210X.13215",2019-05-24,"2019"
"NLMR and landscapetools: An integrated environment for simulating and modifying neutral landscape models in R","https://besjournals.onlinelibrary.wiley.com/doi/10.1111/2041-210X.13076",2018-08-15,"2018"
"PASSaGE: Pattern Analysis, Spatial Statistics and Geographic Exegesis. Version 2","https://besjournals.onlinelibrary.wiley.com/doi/10.1111/j.2041-210X.2010.00081.x",2010-12-15,"2010"
"PleistoDist: A toolbox for visualising and quantifying the effects of Pleistocene sea-level change on island archipelagos","https://besjournals.onlinelibrary.wiley.com/doi/10.1111/2041-210X.14024",2022-11-05,"2022"
"A working guide to spatial mechanistic modelling in Julia","https://besjournals.onlinelibrary.wiley.com/doi/10.1111/2041-210X.13793",2021-12-21,"2021"
"taxadb: A high-performance local taxonomic database interface","https://besjournals.onlinelibrary.wiley.com/doi/10.1111/2041-210X.13440",2020-06-27,"2020"
"actel: Standardised analysis of acoustic telemetry data from animals moving through receiver arrays","https://besjournals.onlinelibrary.wiley.com/doi/10.1111/2041-210X.13503",2020-10-11,"2020"
"steps: Software for spatially and temporally explicit population simulations","https://besjournals.onlinelibrary.wiley.com/doi/10.1111/2041-210X.13354",2020-01-22,"2020"
"Atlantis: A spatially explicit end-to-end marine ecosystem model with dynamically integrated physics, ecology and socio-economic modules","https://besjournals.onlinelibrary.wiley.com/doi/10.1111/2041-210X.13272",2019-07-25,"2019"
"geomorph v4.0 and gmShiny: Enhanced analytics and a new graphical interface for a comprehensive morphometric experience","https://besjournals.onlinelibrary.wiley.com/doi/10.1111/2041-210X.13723",2021-09-17,"2021"
"layeranalyzer: Inferring correlative and causal connections from time series data in r","https://besjournals.onlinelibrary.wiley.com/doi/10.1111/2041-210X.13299",2019-09-16,"2019"
"polygene: Population genetics analyses for autopolyploids based on allelic phenotypes","https://besjournals.onlinelibrary.wiley.com/doi/10.1111/2041-210X.13338",2019-11-27,"2019"
"ENMeval 2.0: Redesigned for customizable and reproducible modeling of species’ niches and distributions","https://besjournals.onlinelibrary.wiley.com/doi/10.1111/2041-210X.13628",2021-05-13,"2021"
"MOTMOT: Models of trait macroevolution on trees (an update)","https://besjournals.onlinelibrary.wiley.com/doi/10.1111/2041-210X.13343",2019-12-20,"2019"
"Fragmented landscape generator (flsgen): A neutral landscape generator with control of landscape structure and fragmentation indices","https://besjournals.onlinelibrary.wiley.com/doi/10.1111/2041-210X.13859",2022-04-01,"2022"
"classecol: Classifiers to understand public opinions of nature","https://besjournals.onlinelibrary.wiley.com/doi/10.1111/2041-210X.13596",2021-03-22,"2021"
"moveVis: Animating movement trajectories in synchronicity with static or temporally dynamic environmental data in r","https://besjournals.onlinelibrary.wiley.com/doi/10.1111/2041-210X.13374",2020-02-07,"2020"
"CladeDate: Calibration information generator for divergence time estimation","https://besjournals.onlinelibrary.wiley.com/doi/10.1111/2041-210X.13977",2022-09-15,"2022"
"AutoMorph: Accelerating morphometrics with automated 2D and 3D image processing and shape extraction","https://besjournals.onlinelibrary.wiley.com/doi/10.1111/2041-210X.12915",2017-10-16,"2017"
"Quantifying the impact of an inference model in Bayesian phylogenetics","https://besjournals.onlinelibrary.wiley.com/doi/10.1111/2041-210X.13514",2020-10-17,"2020"
"Identifying flow modules in ecological networks using Infomap","https://besjournals.onlinelibrary.wiley.com/doi/10.1111/2041-210X.13569",2021-02-10,"2021"
"NichePy: modular tools for estimating the similarity of ecological niche and species distribution models","https://besjournals.onlinelibrary.wiley.com/doi/10.1111/j.2041-210X.2011.00184.x",2012-01-24,"2012"
"CRABS: Congruent rate analyses in birth–death scenarios","https://besjournals.onlinelibrary.wiley.com/doi/10.1111/2041-210X.13997",2022-10-12,"2022"
"Linking fire behaviour and its ecological effects to plant traits, using FRaME in R","https://besjournals.onlinelibrary.wiley.com/doi/10.1111/2041-210X.13615",2021-05-02,"2021"
"drpToolkit: An automated workflow for aligning and analysing vegetation and ground surface time-series imagery","https://besjournals.onlinelibrary.wiley.com/doi/10.1111/2041-210X.13730",2021-09-30,"2021"
"Fuzzy quantification of common and rare species in ecological communities (FuzzyQ)","https://besjournals.onlinelibrary.wiley.com/doi/10.1111/2041-210X.13588",2021-03-07,"2021"
"Anacapa Toolkit: An environmental DNA toolkit for processing multilocus metabarcode datasets","https://besjournals.onlinelibrary.wiley.com/doi/10.1111/2041-210X.13214",2019-05-24,"2019"
"MetaCurator: A hidden Markov model-based toolkit for extracting and curating sequences from taxonomically-informative genetic markers","https://besjournals.onlinelibrary.wiley.com/doi/10.1111/2041-210X.13314",2019-10-10,"2019"
"LEFT—A web-based tool for the remote measurement and estimation of ecological value across global landscapes","https://besjournals.onlinelibrary.wiley.com/doi/10.1111/2041-210X.12924",2017-10-27,"2017"
"A method for computing hourly, historical, terrain-corrected microclimate anywhere on earth","https://besjournals.onlinelibrary.wiley.com/doi/10.1111/2041-210X.13330",2019-11-04,"2019"
"rTPC and nls.multstart: A new pipeline to fit thermal performance curves in r","https://besjournals.onlinelibrary.wiley.com/doi/10.1111/2041-210X.13585",2021-03-01,"2021"
"Estimating animal utilization densities using continuous-time Markov chain models","https://besjournals.onlinelibrary.wiley.com/doi/10.1111/2041-210X.12967",2018-01-08,"2018"
"StoX: An open source software for marine survey analyses","https://besjournals.onlinelibrary.wiley.com/doi/10.1111/2041-210X.13250",2019-07-01,"2019"
"Wallace: A flexible platform for reproducible modeling of species niches and distributions built for community expansion","https://besjournals.onlinelibrary.wiley.com/doi/10.1111/2041-210X.12945",2017-12-07,"2017"
"KTU: K-mer Taxonomic Units improve the biological relevance of amplicon sequence variant microbiota data","https://besjournals.onlinelibrary.wiley.com/doi/10.1111/2041-210X.13758",2021-11-06,"2021"
"Food web visualisation: Heat map, interactive graph and animated flow network","https://besjournals.onlinelibrary.wiley.com/doi/10.1111/2041-210X.13839",2022-03-06,"2022"
"PyPHLAWD: A python tool for phylogenetic dataset construction","https://besjournals.onlinelibrary.wiley.com/doi/10.1111/2041-210X.13096",2018-09-16,"2018"
"Modelling the three-dimensional space use of aquatic animals combining topography and Eulerian telemetry data","https://besjournals.onlinelibrary.wiley.com/doi/10.1111/2041-210X.13232",2019-05-28,"2019"
"DBTree: Very large phylogenies in portable databases","https://besjournals.onlinelibrary.wiley.com/doi/10.1111/2041-210X.13337",2019-11-27,"2019"
"Toytree: A minimalist tree visualization and manipulation library for Python","https://besjournals.onlinelibrary.wiley.com/doi/10.1111/2041-210X.13313",2019-10-18,"2019"
"BASTA – Taxonomic classification of sequences and sequence bins using last common ancestor estimations","https://besjournals.onlinelibrary.wiley.com/doi/10.1111/2041-210X.13095",2018-09-16,"2018"
"A root auto tracing and analysis (ARATA): An automatic analysis software for detecting fine roots in images from flatbed optical scanners","https://besjournals.onlinelibrary.wiley.com/doi/10.1111/2041-210X.13972",2022-09-02,"2022"
"TempNet: a method to display statistical parsimony networks for heterochronous DNA sequence data","https://besjournals.onlinelibrary.wiley.com/doi/10.1111/j.2041-210X.2011.00129.x",2011-06-10,"2011"
"soundscape_IR: A source separation toolbox for exploring acoustic diversity in soundscapes","https://besjournals.onlinelibrary.wiley.com/doi/10.1111/2041-210X.13960",2022-08-15,"2022"
"BA3-SNPs: Contemporary migration reconfigured in BayesAss for next-generation sequence data","https://besjournals.onlinelibrary.wiley.com/doi/10.1111/2041-210X.13252",2019-07-01,"2019"
"Robust, real-time and autonomous monitoring of ecosystems with an open, low-cost, networked device","https://besjournals.onlinelibrary.wiley.com/doi/10.1111/2041-210X.13089",2018-09-07,"2018"
"Chipper: Open-source software for semi-automated segmentation and analysis of birdsong and other natural sounds","https://besjournals.onlinelibrary.wiley.com/doi/10.1111/2041-210X.13368",2020-02-03,"2020"
"AragoJ: A free, open-source software to aid single camera photogrammetry studies","https://besjournals.onlinelibrary.wiley.com/doi/10.1111/2041-210X.13376",2020-02-11,"2020"
"Remap: An online remote sensing application for land cover classification and monitoring","https://besjournals.onlinelibrary.wiley.com/doi/10.1111/2041-210X.13043",2018-06-19,"2018"
"SlicerMorph: An open and extensible platform to retrieve, visualize and analyse 3D morphology","https://besjournals.onlinelibrary.wiley.com/doi/10.1111/2041-210X.13669",2021-07-14,"2021"
"HaplowebMaker and CoMa: Two web tools to delimit species using haplowebs and conspecificity matrices","https://besjournals.onlinelibrary.wiley.com/doi/10.1111/2041-210X.13454",2020-07-18,"2020"
"The FrogPhone: A novel device for real-time frog call monitoring","https://besjournals.onlinelibrary.wiley.com/doi/10.1111/2041-210X.13332",2019-12-04,"2019"
"LeafByte: A mobile application that measures leaf area and herbivory quickly and accurately","https://besjournals.onlinelibrary.wiley.com/doi/10.1111/2041-210X.13340",2019-12-04,"2019"
"A simulation tool to scrutinise the behaviour of functional diversity metrics","https://besjournals.onlinelibrary.wiley.com/doi/10.1111/2041-210X.12855",2017-07-24,"2017"
"GCM compareR: A web application to assess differences and assist in the selection of general circulation models for climate change research","https://besjournals.onlinelibrary.wiley.com/doi/10.1111/2041-210X.13360",2020-01-28,"2020"
"CamoGAN: Evolving optimum camouflage with Generative Adversarial Networks","https://besjournals.onlinelibrary.wiley.com/doi/10.1111/2041-210X.13334",2019-11-07,"2019"
"Polymorphism-aware estimation of species trees and evolutionary forces from genomic sequences with RevBayes","https://besjournals.onlinelibrary.wiley.com/doi/10.1111/2041-210X.13980",2022-09-22,"2022"
"AviaNZ: A future-proofed program for annotation and recognition of animal sounds in long-time field recordings","https://besjournals.onlinelibrary.wiley.com/doi/10.1111/2041-210X.13213",2019-06-17,"2019"
"GinJinn2: Object detection and segmentation for ecology and evolution","https://besjournals.onlinelibrary.wiley.com/doi/10.1111/2041-210X.13787",2021-12-11,"2021"
"Field testing a novel high residence positioning system for monitoring the fine-scale movements of aquatic organisms","https://besjournals.onlinelibrary.wiley.com/doi/10.1111/2041-210X.12993",2018-03-02,"2018"
"Dynamic visualisation of million-tip trees: The OneZoom project","https://besjournals.onlinelibrary.wiley.com/doi/10.1111/2041-210X.13766",2021-12-13,"2021"
"Argos: A toolkit for tracking multiple animals in complex visual environments","https://besjournals.onlinelibrary.wiley.com/doi/10.1111/2041-210X.13776",2021-12-02,"2021"
"Operationalizing ecological connectivity in spatial conservation planning with Marxan Connect","https://besjournals.onlinelibrary.wiley.com/doi/10.1111/2041-210X.13349",2020-02-11,"2020"
"The Chirocopter: A UAV for recording sound and video of bats at altitude","https://besjournals.onlinelibrary.wiley.com/doi/10.1111/2041-210X.12992",2018-03-02,"2018"
"Tracktor: Image-based automated tracking of animal movement and behaviour","https://besjournals.onlinelibrary.wiley.com/doi/10.1111/2041-210X.13166",2019-02-15,"2019"
"Sashimi: A toolkit for facilitating high-throughput organismal image segmentation using deep learning","https://besjournals.onlinelibrary.wiley.com/doi/10.1111/2041-210X.13712",2021-09-06,"2021"
"Simapse – simulation maps for ecological niche modelling","https://besjournals.onlinelibrary.wiley.com/doi/10.1111/j.2041-210X.2012.00210.x",2012-05-10,"2012"
"eDNA Sampler: A fully integrated environmental DNA sampling system","https://besjournals.onlinelibrary.wiley.com/doi/10.1111/2041-210X.12994",2018-03-28,"2018"
"forceX and forceR: A mobile setup and r package to measure and analyse a wide range of animal closing forces","https://besjournals.onlinelibrary.wiley.com/doi/10.1111/2041-210X.13909",2022-05-29,"2022"
"EasyDCP: An affordable, high-throughput tool to measure plant phenotypic traits in 3D","https://besjournals.onlinelibrary.wiley.com/doi/10.1111/2041-210X.13645",2021-06-14,"2021"
"A self-preserving, partially biodegradable eDNA filter","https://besjournals.onlinelibrary.wiley.com/doi/10.1111/2041-210X.13212",2019-06-11,"2019"
"A bespoke low-cost system for radio tracking animals using multi-rotor and fixed-wing unmanned aerial vehicles","https://besjournals.onlinelibrary.wiley.com/doi/10.1111/2041-210X.13464",2020-08-08,"2020"
"A field and video analysis guide for diver operated stereo-video","https://besjournals.onlinelibrary.wiley.com/doi/10.1111/2041-210X.13189",2019-04-07,"2019"
"BoomBox: An Automated Behavioural Response (ABR) camera trap module for wildlife playback experiments","https://besjournals.onlinelibrary.wiley.com/doi/10.1111/2041-210X.13789",2021-12-14,"2021"
"Adapting a propane turkey fryer to manipulate temperature in aquatic environments","https://besjournals.onlinelibrary.wiley.com/doi/10.1111/2041-210X.13662",2021-06-17,"2021"
"The Wood Image Analysis and Dataset (WIAD): Open-access visual analysis tools to advance the ecological data revolution","https://besjournals.onlinelibrary.wiley.com/doi/10.1111/2041-210X.13717",2021-09-21,"2021"
"A Raspberry Pi-based camera system and image processing procedure for low cost and long-term monitoring of forest canopy dynamics","https://besjournals.onlinelibrary.wiley.com/doi/10.1111/2041-210X.13610",2021-04-09,"2021"
"Estimating canopy fuel load with hemispherical photographs: A rapid method for opportunistic fuel documentation with smartphones","https://besjournals.onlinelibrary.wiley.com/doi/10.1111/2041-210X.13708",2021-08-21,"2021"
"Development and field evaluation of a motion sensor activated suction trap to study vector–host interactions","https://besjournals.onlinelibrary.wiley.com/doi/10.1111/2041-210X.13500",2020-10-02,"2020"
"Method for maintaining adult solitary bee Centris analis under laboratory conditions","https://besjournals.onlinelibrary.wiley.com/doi/10.1111/2041-210X.13797",2021-12-22,"2021"
"A field and video annotation guide for baited remote underwater stereo-video surveys of demersal fish assemblages","https://besjournals.onlinelibrary.wiley.com/doi/10.1111/2041-210X.13470",2020-08-19,"2020"
"Assaying lepidopteran flight directionality with non-invasive methods that permit repeated use and release after testing","https://besjournals.onlinelibrary.wiley.com/doi/10.1111/2041-210X.13648",2021-05-25,"2021"
"Introduction of an automatic and open-source radio-tracking system for small animals","https://besjournals.onlinelibrary.wiley.com/doi/10.1111/2041-210X.13294",2019-09-03,"2019"
"A novel fluorescence and DNA combination for versatile, long-term marking of mosquitoes","https://besjournals.onlinelibrary.wiley.com/doi/10.1111/2041-210X.13592",2021-03-15,"2021"
"Optimizing sampling of flying insects using a modified window trap","https://besjournals.onlinelibrary.wiley.com/doi/10.1111/2041-210X.13258",2019-07-05,"2019"
"RUbble Biodiversity Samplers: 3D-printed coral models to standardize biodiversity censuses","https://besjournals.onlinelibrary.wiley.com/doi/10.1111/2041-210X.13462",2020-08-02,"2020"
"Advancing diet reconstruction in fish eye lenses","https://besjournals.onlinelibrary.wiley.com/doi/10.1111/2041-210X.13543",2020-12-13,"2020"
"Continuous on-board behaviour classification using accelerometry: A case study with a new GPS-3G-Bluetooth system in Pacific black ducks","https://besjournals.onlinelibrary.wiley.com/doi/10.1111/2041-210X.13878",2022-05-05,"2022"
"A rapid environmental DNA method for detecting white sharks in the open ocean","https://besjournals.onlinelibrary.wiley.com/doi/10.1111/2041-210X.13201",2019-04-30,"2019"
"Portable locomotion activity monitor (pLAM): A cost-effective setup for robust activity tracking in small animals","https://besjournals.onlinelibrary.wiley.com/doi/10.1111/2041-210X.13809",2022-02-22,"2022"
"MEDI: Macronutrient Extraction and Determination from invertebrates, a rapid, cheap and streamlined protocol","https://besjournals.onlinelibrary.wiley.com/doi/10.1111/2041-210X.13551",2021-01-17,"2021"
"PICT: A low-cost, modular, open-source camera trap system to study plant–insect interactions","https://besjournals.onlinelibrary.wiley.com/doi/10.1111/2041-210X.13618",2021-04-25,"2021"
"Cost-effective seafloor habitat mapping using a portable speedy sea scanner and deep-learning-based segmentation: A sea trial at Pujada Bay, Philippines","https://besjournals.onlinelibrary.wiley.com/doi/10.1111/2041-210X.13744",2021-10-20,"2021"
"Migration Mapper: Identifying movement corridors and seasonal ranges for large mammal conservation","https://besjournals.onlinelibrary.wiley.com/doi/10.1111/2041-210X.13976",2022-09-05,"2022"
"CaptuRING: A do-it-yourself tool for wood sample digitization","https://besjournals.onlinelibrary.wiley.com/doi/10.1111/2041-210X.13847",2022-03-24,"2022"
"The In situ Plankton Assemblage eXplorer (IPAX): An inexpensive underwater imaging system for zooplankton study","https://besjournals.onlinelibrary.wiley.com/doi/10.1111/2041-210X.13441",2020-06-27,"2020"
"Open-source, low-cost modular GPS collars for monitoring and tracking wildlife","https://besjournals.onlinelibrary.wiley.com/doi/10.1111/2041-210X.13369",2020-02-04,"2020"
"Semi-portable solar power to facilitate continuous operation of technology in the field","https://besjournals.onlinelibrary.wiley.com/doi/10.1111/2041-210X.13456",2020-07-18,"2020"
"Portable heaters for microhabitat heating experiments","https://besjournals.onlinelibrary.wiley.com/doi/10.1111/2041-210X.13391",2020-03-25,"2020"
